id,model1_label,model2_label,model3_label
1,Against,Against,Against
2,None,None,None
3,None,None,None
4,None,None,None
5,None,None,None
6,None,None,None
7,None,None,None
8,None,None,None
9,None,None,None
10,None,None,None
11,None,None,None
12,None,None,None
13,None,None,None
14,Against,Against,Against
15,None,None,None
16,Against,None,None
17,None,None,None
18,None,None,None
19,None,None,None
20,None,None,None
21,None,None,None
22,None,None,None
23,None,None,None
24,None,None,Against
25,None,None,None
26,None,None,None
27,None,None,None
28,None,None,None
29,None,None,None
30,None,None,None
31,None,None,None
32,None,None,None
33,None,None,None
34,Against,Against,None
35,Against,Against,Against
36,None,None,None
37,Against,Against,Against
38,Against,Against,Against
39,None,None,None
40,None,None,None
41,None,None,Against
42,None,None,None
43,None,None,None
44,Against,Against,None
45,None,None,None
46,None,None,None
47,Against,Against,Against
48,None,None,None
49,Against,Against,Against
50,None,None,None
51,Against,Against,Against
52,None,None,None
53,None,None,None
54,None,None,None
55,None,None,None
56,None,None,None
57,Against,Against,Against
58,None,None,None
59,Against,Against,Against
60,Against,Against,None
61,Against,Against,Against
62,None,None,None
63,Against,Against,Against
64,Against,Against,Against
65,Against,Against,Against
66,None,None,Against
67,Against,Against,Against
68,None,Against,None
69,None,None,None
70,Against,Against,Against
71,None,None,None
72,None,None,None
73,None,None,None
74,None,None,None
75,Favour,Favour,Favour
76,None,None,None
77,None,None,None
78,None,None,None
79,None,None,None
80,None,None,None
81,None,None,None
82,None,None,None
83,Against,None,Against
84,None,None,None
85,Against,Against,None
86,None,None,None
87,None,None,None
88,None,None,None
89,None,None,None
90,None,None,None
91,None,None,None
92,None,None,None
93,None,None,None
94,None,None,Against
95,None,None,None
96,Against,None,None
97,None,None,None
98,None,None,None
99,None,None,None
100,None,None,None
101,Against,Against,Against
102,Against,Against,Against
103,Against,Against,Against
104,Against,Against,Against
105,Against,Against,Against
106,Against,Against,Against
107,Against,Against,Against
108,Against,Against,Against
109,Against,Against,Against
110,Against,Against,Against
111,Against,Against,Against
112,Against,Against,Against
113,Against,Against,Against
114,Against,Against,Against
115,Against,Against,Against
116,Against,Against,Against
117,Against,Against,Against
118,Against,Against,Against
119,Against,Against,Against
120,Against,Against,Against
121,Against,Against,Against
122,Against,Against,Against
123,Against,Against,Against
124,Against,Against,Against
125,Against,Against,Against
126,Against,None,Against
127,Against,Against,Against
128,Against,Against,Against
129,Against,Against,Against
130,Against,Against,Against
131,Against,Against,Against
132,Against,Against,Favour
133,Against,Against,Against
134,Against,Against,Against
135,Against,Against,Against
136,Against,Against,Against
137,Against,Against,Against
138,Against,Against,Against
139,Against,Against,Against
140,Against,Against,Against
141,Against,Against,Against
142,Against,Against,Against
143,Against,Against,Against
144,Against,Against,Against
145,Against,Against,Against
146,Against,Against,Against
147,Against,Against,Against
148,Against,Against,Against
149,Against,Against,Against
150,Against,Against,Against
151,Against,Against,Against
152,Against,Against,Against
153,Against,Against,Against
154,Against,Against,Against
155,Against,Against,Against
156,Against,Against,Against
157,Against,Against,Against
158,Against,Against,Against
159,Against,Against,Against
160,Against,Against,Against
161,Against,Against,Against
162,Against,Against,Against
163,Against,Against,Against
164,Against,Against,Against
165,Against,Against,Against
166,Against,Against,Against
167,Against,Against,Against
168,Against,Against,Against
169,Against,Against,Against
170,Against,Against,Against
171,Favour,Favour,Against
172,Against,Against,Against
173,Against,Against,Against
174,Against,Against,Against
175,Against,Against,Against
176,Against,Against,Against
177,Against,Against,Against
178,Favour,Against,None
179,Against,Against,Against
180,Against,Against,Against
181,Against,Against,Against
182,Against,Against,Against
183,Against,Against,Against
184,Against,Against,Against
185,Against,None,Favour
186,Against,Against,Against
187,Against,Against,Against
188,Against,Against,Against
189,Against,Against,Against
190,Against,Against,Against
191,Against,Against,Against
192,Against,Against,None
193,Against,Against,Against
194,Against,Against,Against
195,Against,Against,Against
196,Against,Against,Against
197,Against,Against,Against
198,Against,Against,Against
199,Against,Against,Against
200,Against,Against,Favour
201,Against,Against,Against
202,Against,Against,Against
203,Against,Against,Against
204,Against,Against,Against
205,Against,Against,Against
206,Against,Against,Against
207,Against,Against,Against
208,None,None,None
209,Against,Against,Against
210,Against,Against,Against
211,Against,Against,Against
212,Favour,Favour,Favour
213,Against,Against,Against
214,Against,Against,Against
215,Against,Against,Against
216,Against,Against,Against
217,Against,Against,Against
218,Against,Against,Against
219,Against,Favour,Favour
220,Favour,Favour,Favour
221,Against,Against,Against
222,Against,Against,Against
223,Against,Against,Against
224,Against,Against,Against
225,Against,Against,Against
226,Against,Against,Against
227,Against,Against,Against
228,Against,Against,Against
229,Against,Against,Against
230,Against,Against,Against
231,Against,Against,Against
232,Against,Against,Against
233,Against,Against,Against
234,Against,Against,Against
235,Against,Against,Favour
236,Against,Against,Against
237,Against,Against,None
238,Favour,Favour,Favour
239,Favour,Favour,Favour
240,Against,Against,Against
241,Against,Against,Against
242,Favour,Favour,Favour
243,Favour,Favour,Favour
244,Favour,Favour,Favour
245,Favour,Favour,Favour
246,Against,Against,Against
247,Favour,Favour,Favour
248,Against,Against,Against
249,Against,Against,Against
250,Favour,Favour,None
251,Favour,Favour,Favour
252,Against,Against,Against
253,Favour,Favour,Favour
254,Against,Against,None
255,Favour,Favour,Favour
256,Favour,Favour,Favour
257,Against,Against,Against
258,Favour,Favour,Favour
259,Against,Against,Against
260,Favour,Favour,Favour
261,Favour,Favour,Favour
262,Favour,Favour,Favour
263,Against,Against,Against
264,Against,Against,Against
265,Against,Against,Against
266,Favour,None,None
267,Favour,Favour,Favour
268,Favour,Favour,Favour
269,Against,Against,Against
270,Favour,Favour,Favour
271,Against,Against,Against
272,Against,Against,Against
273,Favour,Favour,Favour
274,Favour,Favour,Favour
275,Favour,Favour,Favour
276,Favour,Favour,None
277,Favour,Favour,Favour
278,Favour,Favour,Against
279,Favour,Favour,Favour
280,Against,Against,Against
281,Against,Against,Against
282,Favour,Favour,Favour
283,Favour,Favour,Favour
284,Favour,Favour,Favour
285,Favour,Favour,Favour
286,Favour,Favour,Favour
287,Against,Against,Against
288,Against,Against,Against
289,Against,Against,Against
290,Favour,Favour,Favour
291,Favour,Favour,Favour
292,Favour,Favour,Favour
293,Favour,Favour,Favour
294,Against,Against,Against
295,Favour,Favour,Favour
296,Against,Against,Against
297,Against,Against,Against
298,Favour,Favour,Favour
299,Favour,Favour,Favour
300,Favour,Favour,Favour
301,Favour,Favour,Favour
302,Favour,Favour,Favour
303,Favour,Favour,Favour
304,Favour,Favour,Favour
305,Favour,Favour,Favour
306,Favour,Favour,Favour
307,Against,None,None
308,Favour,Favour,None
309,Against,Favour,Favour
310,Against,Against,Favour
311,Favour,Favour,Favour
312,Against,Against,Against
313,Favour,Favour,Favour
314,Against,Against,Against
315,Favour,Favour,Favour
316,Favour,Favour,Favour
317,Against,Against,None
318,Against,Against,Against
319,Against,Against,Against
320,Against,Against,Against
321,Favour,Favour,Favour
322,Against,Against,Against
323,Favour,Favour,Against
324,Favour,Favour,Favour
325,Favour,Favour,Favour
326,Against,Against,Against
327,Favour,Favour,Favour
328,None,None,Against
329,Favour,None,Favour
330,Favour,Against,Against
331,Against,Against,Favour
332,Favour,Favour,Favour
333,Favour,Favour,Favour
334,Favour,Favour,Against
335,Against,Against,Against
336,Against,Against,Against
337,Favour,Favour,Favour
338,Against,None,Against
339,Against,Against,Against
340,Favour,Favour,Favour
341,Favour,Favour,Favour
342,Favour,Favour,Against
343,Favour,Favour,Favour
344,Favour,Favour,Favour
345,Against,Against,Favour
346,Favour,Favour,Favour
347,Favour,Favour,Favour
348,None,None,None
349,Favour,Favour,Favour
350,Against,Against,Against
351,Favour,Favour,Favour
352,Favour,Favour,Favour
353,Against,Against,Against
354,Favour,Favour,Favour
355,None,None,None
356,Against,Against,Against
357,Favour,Favour,Favour
358,Against,Against,Against
359,Favour,Favour,None
360,Against,Against,Against
361,Against,Against,Against
362,Favour,Favour,Favour
363,Favour,Favour,Against
364,Against,Against,Against
365,Against,Against,Against
366,Against,Against,Against
367,Against,Against,Against
368,Favour,Favour,Favour
369,Favour,Against,Against
370,Against,Against,Against
371,Favour,Favour,Against
372,Against,Against,Against
373,Favour,Favour,Favour
374,None,None,None
375,Against,Against,Against
376,Favour,Favour,Favour
377,Against,Against,Against
378,Favour,Favour,Favour
379,Favour,Favour,Favour
380,Favour,Favour,Favour
381,Against,Against,Against
382,Favour,Favour,Favour
383,Favour,Favour,Favour
384,Against,Against,Against
385,Against,Against,Against
386,Against,Against,Against
387,Favour,Favour,Favour
388,None,None,None
389,Favour,Favour,Favour
390,Against,Against,Against
391,Against,Against,Against
392,Favour,Favour,Favour
393,Against,Against,Against
394,Against,Against,Against
395,Favour,Favour,Favour
396,Favour,Favour,None
397,Favour,Favour,Favour
398,Against,Favour,Against
399,Favour,Favour,Favour
400,Favour,Favour,Favour
401,Favour,Favour,Favour
402,Favour,Favour,Favour
403,Favour,Favour,None
404,Favour,Favour,Favour
405,Favour,Favour,Favour
406,Favour,Favour,None
407,Favour,Favour,Favour
408,Favour,Favour,Favour
409,Favour,Favour,Favour
410,Favour,Favour,Favour
411,Favour,Favour,Favour
412,Favour,Favour,Favour
413,Favour,Favour,None
414,Favour,Favour,Favour
415,Favour,Favour,Favour
416,Favour,Favour,Favour
417,Favour,Favour,Favour
418,Favour,Favour,Favour
419,Favour,Favour,Favour
420,Favour,Favour,Favour
421,Favour,Favour,Against
422,Favour,Favour,Favour
423,Favour,Favour,Favour
424,Favour,Favour,Favour
425,Favour,Favour,Favour
426,Favour,Favour,Favour
427,Favour,Favour,Favour
428,Favour,Favour,Favour
429,Favour,Favour,Favour
430,Favour,Favour,Favour
431,Against,Favour,Favour
432,Favour,Favour,Against
433,Favour,Favour,Favour
434,Favour,Favour,Favour
435,Favour,Favour,Favour
436,Favour,Favour,Favour
437,Favour,Favour,Favour
438,Favour,Favour,Favour
439,None,None,Against
440,Favour,Favour,Favour
441,Favour,Favour,Favour
442,Favour,Favour,Favour
443,Favour,Favour,Favour
444,Favour,Favour,Favour
445,Favour,Favour,Favour
446,Favour,Favour,Favour
447,Favour,Favour,Favour
448,None,None,None
449,None,None,Against
450,Favour,Favour,Favour
451,Favour,Favour,Favour
452,Favour,None,None
453,Favour,Favour,Favour
454,Favour,Favour,Favour
455,Favour,Favour,Favour
456,Favour,Favour,Favour
457,Favour,Favour,Favour
458,Favour,Favour,Favour
459,Favour,Favour,Favour
460,Favour,Favour,Against
461,Favour,Favour,None
462,Favour,Favour,Favour
463,Favour,Favour,Favour
464,Favour,Favour,Favour
465,Favour,Favour,Favour
466,Favour,Favour,Favour
467,Favour,Favour,Against
468,Favour,Favour,Favour
469,Favour,Favour,Favour
470,Favour,Favour,Favour
471,Favour,Favour,Against
472,Favour,Favour,Favour
473,Favour,Favour,Favour
474,Favour,Favour,Favour
475,Favour,Favour,Favour
476,Favour,Favour,Favour
477,Favour,Favour,Against
478,Favour,Favour,Favour
479,Favour,Favour,Favour
480,Favour,Favour,Favour
481,Favour,Favour,Favour
482,Favour,Favour,Favour
483,Against,None,Against
484,Favour,Favour,Favour
485,Favour,Favour,Favour
486,Favour,Favour,None
487,Favour,Favour,Favour
488,Favour,Favour,Favour
489,Favour,Favour,Favour
490,Favour,Favour,Favour
491,Favour,Favour,Favour
492,Favour,Favour,Favour
493,Favour,Favour,Favour
494,Favour,Favour,Against
495,Favour,Favour,Favour
496,Favour,Favour,Favour
497,Favour,Favour,Favour
498,Favour,Favour,Favour
499,Favour,Favour,Favour
500,Favour,Favour,Favour
